1,MAKE IT BETTER,MITSU-O!,3,7,9,12,-,7,9,11,-
1,PARANOiA,180,4,8,9,11,-,8,13,11,-
1,TRIP MACHINE,DE-SIRE,3,8,9,10,-,9,10,10,-
2,AM-3P,KTz,3,7,8,11,-,8,9,10,-
2,BRILLIANT 2U,NAOKI,3,6,6,10,10,6,7,9,10
2,BRILLIANT 2U(Orchestra Groove),NAOKI,4,6,8,9,12,6,8,9,12
2,e-motion,e.o.s.,2,5,6,8,-,6,8,11,-
2,GENOM SCREAMS,L.E.D.LIGHT,3,6,8,11,-,9,11,12,-
2,KEEP ON MOVIN',N.M.R.,4,5,7,9,-,5,9,10,-
2,MAKE IT BETTER (So-REAL Mix),mitsu-O!SUMMER,2,7,8,10,12,7,9,11,12
2,PARANOiA KCET ～clean mix～,2MB,4,8,9,11,15,8,10,10,15
2,PARANOIA MAX～DIRTY MIX～,190,5,9,10,12,-,10,12,11,-
2,PUT YOUR FAITH IN ME,UZI-LAY,3,5,6,9,-,6,8,8,-
2,PUT YOUR FAITH IN ME (Jazzy Groove),UZI-LAY,2,6,7,9,11,7,8,11,11
2,SP-TRIP MACHINE～JUNGLE MIX～,DE-SIRE,4,8,9,10,-,8,9,10,-
3,AFRONOVA,RE-VENGE,5,7,9,13,-,8,9,13,-
3,AFTER THE GAME OF LOVE,NPD3,1,2,6,8,-,5,6,8,-
3,CUTIE CHASER,CLUB SPICE,3,5,7,10,-,4,5,12,-
3,DEAD END,N & S,4,7,10,12,-,8,9,13,-
3,DROP THE BOMB,Scotty D.,3,5,7,10,-,5,8,10,-
3,DYNAMITE RAVE,NAOKI,3,6,10,12,12,6,7,11,12
3,GRADIUSIC CYBER～AMD G5 MIX～,BIG-O feat. TAKA,3,8,10,13,-,9,11,13,-
3,La Señorita,CAPTAIN.T,4,6,8,10,-,5,9,13,-
3,La Señorita Virtual,2MB,4,8,10,12,-,9,10,12,-
3,LOVE THIS FEELIN',Chang Ma,4,9,10,11,-,9,10,11,-
3,PARANOiA Rebirth,190',4,8,10,13,-,9,11,13,-
3,Silent Hill,THOMAS HOWARD,3,4,9,10,-,5,7,11,-
3,think ya better D,sAmi,3,5,6,9,-,6,7,10,-
3,TRIP MACHINE～luv mix～,2MB,3,9,10,12,-,9,10,11,-
4,B4U,NAOKI,3,5,7,10,-,5,8,10,-
4,BABY BABY GIMME YOUR LOVE,DIVAS,1,2,4,7,-,3,5,9,-
4,BURNIN' THE FLOOR,NAOKI,3,5,8,10,-,5,7,12,-
4,CAN'T STOP FALLIN'IN LOVE,NAOKI,3,5,6,11,-,5,6,12,-
4,CELEBRATE NITE,N.M.R,3,6,8,11,-,6,8,10,-
4,Don't Stop!～AMD 2nd MIX～,Dr.VIBE feat. JP miles,3,5,6,10,-,4,5,8,-
4,DROP OUT,NW260,4,8,10,13,-,5,9,13,-
4,era (nostalmix),TaQ,4,5,8,11,-,5,7,11,-
4,HIGHER,NM feat. SUNNY,3,4,7,9,-,4,7,10,-
4,Holic,TaQ,4,7,9,11,-,7,8,11,-
4,HYSTERIA,NAOKI 190,5,6,8,11,-,4,8,10,-
4,LEADING CYBER,dj TAKA,3,8,9,13,-,7,10,13,-
4,LOVE AGAIN TONIGHT～for Mellisa mix～,NAOKI feat. PAULA TERRY,4,5,8,11,-,5,7,10,-
4,MY SUMMER LOVE,MITSU-O! with GEILA,3,4,9,12,-,5,8,12,-
4,ORION.78(AMeuro-MIX),RE-VENGE,3,4,7,12,-,5,8,9,-
4,PARANOIA EVOLUTION,200,5,9,10,12,-,6,10,13,-
4,SEXY PLANET,CRYSTAL ALIENS,3,7,8,11,-,5,7,10,-
4,SUPER STAR,D.J.RICH feat. TAILBROS.,3,7,8,12,-,5,9,11,-
4,TRIP MACHINE CLIMAX,DE-SIRE,5,7,9,12,-,7,9,12,-
4,WILD RUSH,FACTOR-X,5,6,7,10,-,5,9,11,-
4,.59,dj TAKA,3,5,8,11,-,5,8,10,-
5,サナ・モレッテ・ネ・エンテ,Togo Project feat. Sana,3,4,9,12,-,5,9,12,-
5,AFRONOVA PRIMEVAL,8-bit,4,6,8,12,-,7,9,13,-
5,ABSOLUTE,dj TAKA,3,4,8,11,-,4,7,11,-
5,Abyss,dj TAKA,3,4,7,10,-,5,8,11,-
5,BROKEN MY HEART,NAOKI feat. PAULA TERRY,3,5,7,12,-,5,9,12,-
5,CAN'T STOP FALLIN' IN LOVE～SPEED MIX～,NAOKI,4,6,9,12,-,5,9,12,-
5,DXY!,TaQ,5,6,9,12,-,6,9,12,-
5,ECSTASY,d-complex,4,5,8,10,-,6,8,11,-
5,Electro Tuned ( the SubS Mix ),TaQ,4,6,9,12,-,5,9,11,-
5,Healing Vision,DE-SIRE,4,5,7,11,-,4,8,13,-
5,INSERTiON,NAOKI underground,4,6,9,13,-,5,9,12,-
5,PARANOiA ETERNAL,STM 200,4,8,10,13,-,9,11,13,-
5,STILL IN MY HEART,NAOKI,3,6,8,10,-,6,7,9,-
6,CANDY☆,Luv unlimited,4,6,7,11,-,5,8,11,-
6,exotic ethnic,RevenG,4,5,8,13,-,5,7,13,-
6,Healing Vision ～Angelic mix～,2MB,5,7,11,13,-,8,10,14,-
6,Let the beat hit em!(CLASSIC R&B STYLE),STONE BROS.,3,6,7,10,-,6,7,10,-
6,MAX 300,Ω,5,9,12,15,-,9,12,15,-
6,ORION.78～civilization mix～,2MB,4,9,12,13,-,9,11,13,-
7,革命,dj TAKA with NAOKI,3,5,9,12,11,4,8,11,11
7,AFRONOVA(FROM NONSTOP MEGAMIX),RE-VENGE,-,-,-,-,10,-,-,-,10
7,AM-3P(AM EAST mix),KTz,-,-,-,-,10,-,-,-,11
7,B4U(B4 ZA BEAT MIX),NAOKI,-,-,-,-,10,-,-,-,10
7,BRE∀K DOWN!,BeForU,3,5,7,12,-,5,8,13,-
7,BRILLIANT 2U(K.O.G. G3 MIX),NAOKI,-,-,-,-,10,-,-,-,9
7,BURNIN' THE FLOOR(BLUE FIRE mix),NAOKI,-,-,-,-,10,-,-,-,10
7,Burning Heat!(3 Option Mix),Mr.T. feat. Motoaki F.,3,4,8,13,-,4,7,12,-
7,CANDY♥,小坂りゆ,4,5,7,10,-,4,6,10,-
7,CELEBRATE NITE(EURO TRANCE STYLE),N.M.R.,-,-,-,-,11,-,-,-,10
7,D2R,NAOKI,3,4,7,11,-,4,8,11,-
7,DESTINY,NAOKI feat.PAULA TERRY,3,3,7,10,-,3,8,11,-
7,DIVE TO THE NIGHT,小坂りゆ,3,4,8,10,-,5,9,11,-
7,DROP OUT(FROM NONSTOP MEGAMIX),NW260,-,-,-,-,12,-,-,-,13
7,ECSTASY(midnight blue mix),d-complex,-,-,-,-,11,-,-,-,11
7,HIGHER(next morning mix),NM feat. SUNNY,-,-,-,-,11,-,-,-,11
7,HYSTERIA 2001,NM,-,-,-,-,9,-,-,-,10
7,i feel ...,AKIRA YAMAOKA,3,4,8,12,-,3,8,12,-
7,MAXX UNLIMITED,Z,5,10,13,16,-,7,12,15,-
7,MY SUMMER LOVE(TOMMY'S SMILE MIX),MITSU-O! with GEILA,-,-,-,-,12,-,-,-,11
7,rain of sorrow,NM feat. EBONY FAY,3,3,9,12,-,5,7,12,-
7,Secret Rendez-vous,DIVAS,3,4,7,12,-,4,8,12,-
7,SEXY PLANET(FROM NONSTOP MEGAMIX),CRYSTAL ALIENS,-,-,-,-,8,-,-,-,8
7,Silent Hill (3rd christmas mix),THOMAS HOWARD,-,-,-,-,10,-,-,-,11
7,STILL IN MY HEART(MOMO MIX),NAOKI,-,-,-,-,11,-,-,-,12
7,SUPER STAR(FROM NONSTOP MEGAMIX),D.J.RICH feat. TAILBROS.,-,-,-,-,10,-,-,-,11
7,Sweet Sweet ♥ Magic,jun,4,5,9,13,-,5,8,11,-
7,TSUGARU,RevenG vs DE-SIRE,3,5,9,12,-,6,9,12,-
7,TSUGARU (APPLE MIX),RevenG vs DE-SIRE,-,-,-,-,11,-,-,-,11
7,WILD RUSH(FROM NONSTOP MEGAMIX),FACTOR-X,-,-,-,-,9,-,-,-,10
8,蒼い衝動 ～for EXTREME～,NAOKI feat. YUKI,2,4,6,9,-,4,6,11,-
8,桜,Reven-G,5,7,11,13,11,7,11,13,11
8,大見解,Des-ROW feat. TSUBOI for ALPHA,4,4,8,12,13,5,8,13,14
8,三毛猫ロック,亜熱帯マジ-SKA爆弾,4,5,8,11,-,5,9,13,-
8,A,D.J.Amuro,4,5,8,11,12,4,7,12,13
8,Across the nightmare,Jimmy Weckl,7,8,10,12,13,8,11,13,13
8,air,DJ SIMON,3,5,7,10,-,5,7,11,-
8,AM-3P -303 BASS MIX-,KTz(remixed by U1),4,4,9,10,-,5,8,10,-
8,bag,RevenG,2,7,11,13,13,7,12,13,13
8,BE LOVIN,D-Crew,4,5,9,12,-,5,10,12,-
8,Colors ～for EXTREME～,dj TAKA,3,5,8,9,13,5,7,10,13
8,CUTIE CHASER(MORNING MIX),CLUB SPICE,3,3,4,9,-,4,6,9,-
8,Dance Dance Revolution,DDR ALL STARS,5,6,8,12,12,6,8,12,11
8,Destiny lovers,くにたけ みゆき,3,4,7,13,-,4,7,12,-
8,DROP THE BOMB(SyS.F. Mix),Scotty D.,3,5,7,10,-,4,5,10,-
8,Frozen Ray ～for EXTREME～,dj TAKA,4,5,9,12,-,4,8,11,-
8,Gamelan de Couple,TOMOSUKE,3,4,7,12,-,5,7,13,-
8,GRADUATION ～それぞれの明日～,BeForU,2,3,7,9,-,3,5,9,-
8,Happy Wedding,ASKA,3,4,6,10,-,5,6,9,-
8,Heaven is a '57 metallic gray ～gimmix～,Hiro feat. Sweet little 30's,4,5,7,12,-,5,7,13,-
8,HYPER EUROBEAT,NAOKI feat. DDR ALL STARS,3,4,6,10,-,6,9,11,-
8,I'm gonna get you!,Kelly Cosmo,3,4,7,9,-,4,7,11,-
8,JANEJANA,T.E.M.P.O. feat.Mohammed & Emi,3,4,7,10,-,6,7,11,-
8,JET WORLD,Mutsuhiko Izumi,3,4,7,11,-,5,8,11,-
8,KISS KISS KISS,NAOKI feat. SHANTI,4,5,6,12,-,5,8,12,-
8,KISS ME ALL NIGHT LONG,NAOKI J-STYLE feat.MIU,3,3,6,10,-,3,6,11,-
8,L'amour et la liberté(DDR Ver.),NAOKI underground,3,6,9,12,-,6,9,12,-
8,LA BAMBA,メキシコ民謡,3,4,8,11,-,4,8,10,-
8,♥Love²シュガ→♥,dj TAKA feat.のりあ,3,4,6,8,-,4,7,8,-
8,LOVE♥SHINE,小坂りゆ,3,5,6,9,-,5,7,11,-
8,Miracle Moon ～L.E.D. LIGHT STYLE MIX～,Togo Project feat. Sana,3,4,6,9,-,3,6,10,-
8,PARANOIA survivor,270,4,9,11,15,-,9,10,15,-
8,PARANOIA survivor MAX,290,5,9,11,15,16,9,11,15,16
8,Pink Rose,Kiyommy+Seiya,3,4,6,10,-,4,7,10,-
8,SO IN LOVE,Caramel.S,3,4,7,9,-,2,7,9,-
8,STAY (Organic house Version),emi,3,4,7,9,-,5,7,9,-
8,stoic (EXTREME version),TaQ,3,5,9,13,-,4,10,12,-
8,sync (EXTREME version),OutPhase,3,5,8,9,12,6,9,10,11
8,TEARS,NAOKI underground feat.EK,3,6,8,12,-,6,8,12,-
8,The Least 100sec,Hirofumi Sasaki,5,7,11,12,-,7,10,14,-
8,The legend of MAX,ZZ,7,8,13,15,-,8,12,16,-
8,TRIP MACHINE Survivor,DE-SIRE,4,5,11,13,-,6,11,12,-
8,Twin Bee -Generation X-,FinalOffset,3,5,8,11,-,4,7,11,-
8,V ～for EXTREME～,TAKA,3,5,8,12,13,5,7,11,13
8,VANITY ANGEL,FIXX,3,4,9,12,-,5,9,12,-
8,xenon,Mr.T,3,5,10,13,-,5,9,13,-
8,1998,NAOKI,4,4,6,10,-,4,6,10,-
8,321STARS,DJ SIMON,4,5,9,11,-,4,7,11,-
9,怒れる大きな白い馬,Morning Blue Dragon,4,5,8,11,-,3,7,11,-
9,カゲロウ,Des-ROW・組スペシアルr,3,4,7,9,-,4,6,9,-
9,月光蝶,あさき,4,4,7,10,-,3,7,11,-
9,この子の七つのお祝いに,あさき,3,7,10,14,-,7,10,14,-
9,男々道,Des-ROW・組,3,4,7,12,-,4,8,10,-
9,チカラ,BeForU,4,5,8,10,-,4,9,13,-
9,虹色,DJ YOSHITAKA feat G.S.C. license,3,4,8,11,13,4,7,13,13
9,華爛漫 -Flowers-,TЁЯRA,3,5,7,11,-,4,7,11,-
9,ヒマワリ,RIYU from BeForU,3,4,7,10,-,4,7,12,-
9,夢幻ノ光,TЁЯRA,4,4,8,11,-,4,8,11,-
9,A Stupid Barber,Sho-T,3,4,8,9,-,4,8,9,-
9,AA,D.J.Amuro,3,5,9,13,-,5,10,13,-
9,BAD ROUTINE,D.J. Spugna,3,5,7,9,-,4,8,9,-
9,Baile Le Samba,Big Idea,1,3,10,11,-,3,6,10,-
9,BALLAD FOR YOU～想いの雨～,NM feat. THOMAS HOWARD,2,5,9,11,-,4,9,11,-
9,Brazilian Anthem,Berimbau '66,3,5,8,12,-,5,8,10,-
9,cachaca,Mokky de Yah Yah's,1,3,7,12,-,4,9,11,-
9,Can Be Real,Vision F,3,4,6,10,-,3,6,10,-
9,CAN'T STOP FALLIN' IN LOVE -super euro version-,NAOKI with Y&Co.,3,4,7,8,-,1,5,8,-
9,CENTAUR,Jimmy Weckl,4,6,9,12,-,6,9,12,-
9,CHAOS,DE-SIRE retunes,6,8,12,14,16,9,12,14,15
9,CURUS,D-crew,2,3,7,10,-,4,5,12,-
9,DoLL,TЁЯRA,4,5,8,12,13,5,8,12,14
9,Dragon Blade,Kozo Nakamura,5,9,10,11,-,9,11,11,-
9,Fascination ～eternal love mix～,2MB,9,11,13,16,18,10,13,17,17
9,Fascination MAXX,100-200-400,6,11,13,17,18,10,13,17,18
9,Flow,Scotty D. revisits U1,4,5,9,12,-,6,9,11,-
9,Flow (True Style),Scotty D. revisits U1,4,6,9,12,13,6,9,12,13
9,Fly away,ChiyoTia,3,4,7,11,-,3,8,11,-
9,Forever Sunshine,Chel.Y,3,4,7,8,-,3,6,8,-
9,Freedom,BeForU,3,5,7,11,-,4,7,11,-
9,Funk Boogie,Funk Kid feat. KOOL BOYS,4,5,4,8,-,4,6,8,-
9,GORGEOUS 2012,THE SURRENDERS,4,3,8,10,-,5,7,11,-
9,HAPPY☆ANGEL,jun with TAHIRIH,4,4,8,12,-,3,8,11,-
9,Healing-D-Vision,DE-STRAD,6,9,12,14,18,9,13,15,18
9,I Need You,Supa Fova feat. Jenny F.,3,4,6,8,-,5,6,8,-
9,iFUTURELIST(DDR VERSION),AKIRA YAMAOKA,3,5,7,12,13,5,7,11,13
9,INNOCENCE OF SILENCE,nc ft. NRG Factory,3,5,10,12,-,5,9,12,-
9,INSIDE YOUR HEART,AKIRA YAMAOKA,3,4,6,9,-,3,6,9,-
9,Jam&Marmalade,FinalOffset,3,4,8,11,-,5,8,10,-
9,KEEP ON MOVIN'～DMX Mix～,N.M.R-typeG,3,5,7,11,-,4,8,12,-
9,La Bamba,LH MUSIC CREATION,3,5,8,11,-,6,8,12,-
9,LOGICAL DASH,dj TAKA,3,4,7,11,-,5,6,10,-
9,LOVE IS ORANGE,Orange Lounge,3,5,7,9,11,5,8,8,12
9,Make A Difference,Lala Moore with CoCoRo*Co,3,5,7,12,-,5,8,12,-
9,MARIA(I believe...),NAOKI feat. PAULA TERRY,3,5,8,11,-,5,9,12,-
9,MAX 300 (Super-Max-Me Mix),Jondi & Spesh,6,10,13,15,16,9,12,15,17
9,MAXIMIZER,CLI-MAX S.,5,6,9,12,-,6,9,11,-
9,Midnight Special,Love machineguns,3,7,9,10,-,7,10,12,-
9,Mind Parasite,TOMOSUKE,3,5,9,13,-,5,8,10,-
9,Monkey Punk,Big Idea,4,5,8,10,-,5,8,10,-
9,MOON,dj TAKA feat.Erika,3,3,7,11,-,1,8,10,-
9,murmur twins,yu_tokiwa.djw,3,4,8,11,-,3,8,11,-
9,My Only Shining Star,NAOKI feat.Becky Lucinda,3,4,7,9,-,3,7,11,-
9,No.13,TAKA respect for J.S.B.,4,5,9,13,-,5,9,12,-
9,PARANOiA-Respect-,.3k,5,11,12,16,-,8,12,15,-
9,PASSION OF LOVE,NAOKI feat. PAULA TERRY,4,5,7,10,-,6,8,10,-
9,Polovtsian Dances And Chorus,Naoto Suzuki feat. Martha,3,4,9,11,-,5,9,11,-
9,PUT YOUR FAITH IN ME ～SATURDAY NIGHT MIX～,UZI-LAY,3,5,8,9,-,5,7,12,-
9,Quick Master,act deft,4,5,8,11,-,5,7,10,-
9,Quickening,dj TAKA,3,6,7,11,-,5,6,8,-
9,rainbow flyer,dj TAKA,3,4,6,11,-,3,7,11,-
9,rainbow rainbow,Ryu☆,4,4,7,10,-,4,7,11,-
9,RED ZONE,Tatsh&NAOKI,4,6,8,12,-,6,8,11,-
9,Saturday Night Love,Sota feat. Brenda V.,3,4,6,8,-,4,6,8,-
9,Scorching Moon,Shawn the Horny Master,3,4,7,11,-,5,7,10,-
9,SEDUCTION,nc ft. FINALFORCE,4,6,9,12,-,6,9,13,-
9,SEDUCTION(Vocal Remix),NC feat. NRG Factory,3,6,9,12,-,6,8,12,-
9,Ska Ska No.3,亜熱帯マジ-SKA爆弾,3,3,7,12,-,4,8,10,-
9,Star Gate Heaven,SySF. feat. Donna Burke,3,3,7,10,-,3,7,11,-
9,STARS☆☆☆(2nd NAOKI's style),TЁЯRA,3,6,8,9,-,6,8,11,-
9,THE SHINING POLARIS,L.E.D. feat. Sana,4,4,6,9,-,5,6,9,-
9,TIERRA BUENA,WILMA DE OLIVEIRA,3,4,8,10,-,4,7,11,-
9,TOMORROW,nc ft. Dreamscanner,3,4,8,10,-,5,7,11,-
9,Tomorrow Perfume,dj TAKA,3,4,8,10,-,4,7,9,-
9,TRUE♥LOVE,jun feat. Schanita,4,4,8,10,-,4,7,10,-
9,Try 2 Luv. U,S.F.M.P.,3,4,6,8,-,4,6,8,-
9,un deux trois,SDMS,3,4,8,10,-,4,6,9,-
9,Under the Sky,南さやか(BeForU) with platoniX,2,2,5,11,-,3,6,8,-
9,Xepher,Tatsh,4,7,10,13,15,7,10,13,15
9,You gotta move it (feat. Julie Rugaard),Yuzo Koshiro,4,5,8,10,-,5,7,10,-
10,A thing called LOVE,D-crew 2 US,3,4,7,10,-,5,6,11,-
10,"AM-3P (""CHAOS"" Special)",KTz,-,-,-,-,14,-,-,-,13
10,Arrabbiata,Reven-G改,5,11,13,15,-,12,14,16,-
10,"B4U (""VOLTAGE"" Special)",NAOKI,-,-,-,-,14,-,-,-,15
10,Blind Justice ～Torn souls. Hurt Faiths ～,Zektbach,3,5,8,12,-,5,8,12,-
10,Bloody Tears(IIDX EDITION),DJ YOSHITAKA,4,5,6,10,-,5,7,11,-
10,"BRILLIANT 2U (""STREAM"" Special)",NAOKI,-,-,-,-,13,-,-,-,13
10,CaptivAte～誓い～,DJ YOSHITAKA feat.A/I,4,5,8,13,-,5,8,13,-
10,"D2R (""FREEZE"" Special)",NAOKI,-,-,-,-,12,-,-,-,13
10,"DEAD END (""GROOVE RADAR"" Special)",N & S,-,-,-,-,18,-,-,-,17
10,dream of love,Kaori Nishina,3,3,6,8,-,5,7,8,-
10,"DYNAMITE RAVE (""AIR"" Special)",NAOKI,-,-,-,-,8,-,-,-,9
10,Electrified,SySF.,3,4,6,10,-,5,6,11,-
10,"Every Day, Every Night(NM STYLE)",LEA DROP feat. Ant Johnston,2,4,6,10,-,4,6,11,-
10,Feelings Won't Fade(Extend Trance Mix),SySF.,4,5,8,12,-,5,9,12,-
10,FIRE,泉 陸奥彦,4,5,8,11,-,4,8,12,-
10,Flow(Jammin' Ragga Mix),Scotty D. revisits U1,4,5,8,13,-,4,7,13,-
10,Fly away -mix del matador-,Shawn the Horny Master feat. ChiyoTia,3,5,9,11,-,5,9,13,-
10,Freeway Shuffle,dj TAKA,3,4,8,10,12,5,7,9,12
10,GIRIGILI門前雀羅,Cheki-ROWS,4,5,7,12,-,5,8,12,-
10,L'amour et la liberte(Darwin & DJ Silver remix),NAOKI in the MERCURE,3,4,7,11,-,4,7,12,-
10,MARS WAR 3,JET GIRL SPIN,3,4,8,11,-,4,10,13,-
10,MOONSTER,kobo uniting Marsha & D.,4,5,7,12,-,4,7,10,-
10,Music In The Rhythm,nc ft. 触電,4,7,8,11,-,5,8,12,-
10,NGO,鍋島圭一,6,10,12,15,18,10,11,16,17
10,PARANOiA ～HADES～,αTYPE-300,7,11,15,16,18,12,15,17,18
10,Pluto,Black∞Hole,6,9,12,14,16,9,13,14,17
10,Pluto Relinquish,2MB,5,12,14,17,18,12,15,18,18
10,Poseidon,NAOKI underground,3,5,9,11,-,6,9,11,-
10,Raspberry♡Heart(English version),jun feat. PAULA TERRY,3,5,6,9,11,5,6,9,12
10,Saturn,Mr.Saturn,3,7,9,13,-,5,9,13,-
10,Shades of Grey,Fracus,3,5,8,11,-,5,7,10,-
10,Silver Platform - I wanna get your heart -,U1 Reincarnates w/Leah,4,5,7,11,-,4,8,11,-
10,SOUL CRASH,nc ft HARDCORE NATION,3,6,9,13,-,6,9,12,-
10,Star Gate Heaven (FUTURE LOVE Mix),SySF. feat. Donna Burke,4,5,9,12,-,6,8,13,-
10,STARS☆☆☆(Re-tuned by HΛL) -DDR EDITION-,TЁЯRA,3,5,10,9,-,6,9,10,-
10,stealth,DAISUKE ASAKURA,3,5,8,11,-,5,8,11,-
10,SUNKiSS♥DROP,jun with Alison,3,5,8,12,12,4,7,11,12
10,switch,DAISUKE ASAKURA ex.TЁЯRA,3,4,7,10,-,5,7,10,-
10,Trim,kobo,5,6,10,16,-,6,10,15,-
10,TRIP MACHINE PhoeniX,DE-SIRE改,3,8,11,15,15,8,12,16,16
10,Trust -DanceDanceRevolution mix-,Tatsh feat.ヨーコ,3,5,8,10,-,4,8,11,-
10,Unreal,Black Rose Garden,4,8,12,15,-,8,12,14,-
10,Uranus,Tatsh SN 2 Style,3,6,9,11,13,6,9,11,13
10,Vem brincar,Caldeira feat.Téka Penteriche,2,5,7,11,-,5,7,11,-
10,Venus,Tatsh+RayZY,3,4,6,11,13,4,6,10,13
10,volcano,Yasuhiro Abe,4,5,8,13,-,5,8,13,-
10,Votum stellarum -forest #25 DDR RMX-,iconoclasm,1,4,9,12,-,4,7,12,-
10,Why not,Darwin,4,6,9,11,-,6,7,11,-
11,革命(X-Special),dj TAKA with NAOKI,-,-,-,-,14,-,-,-,14
11,零 - ZERO -,TЁЯRA,3,5,8,11,-,6,8,13,-
11,凛として咲く花の如く,紅色リトマス,3,6,8,10,-,5,7,11,-
11,A Geisha's Dream,NAOKI feat. SMiLE.dk,2,6,9,11,-,7,9,11,-
11,AFRONOVA(X-Special),RE-VENGE,-,-,-,-,13,-,-,-,14
11,Beautiful Inside (Cube::Hard Mix),NM feat. Alison Wade,3,5,7,10,-,4,7,11,-
11,Blue Rain,dj TAKA VS Ryu☆,2,5,6,11,-,5,7,11,-
11,CANDY☆(X-Special),Luv UNLIMITED,-,-,-,-,12,-,-,-,12
11,Chance and Dice,日本少年,3,5,7,9,-,4,7,10,-
11,Dance Celebration,Bill Hamel feat. Kevens,2,5,8,11,12,6,7,11,12
11,Dance Celebration (System 7 Remix),Bill Hamel feat. Kevens,2,6,9,13,-,6,8,13,-
11,Dance Dance Revolution(X-Special),DDR ALL STARS,-,-,-,-,13,-,-,-,13
11,Dance Floor,neuras feat. Yurai,2,5,6,9,-,5,7,10,-
11,dazzle,kobo feat. kr:agué,2,4,8,10,-,4,8,10,-
11,Dream Machine,Darwin,3,6,8,11,-,5,8,11,-
11,Flight of the Phoenix,Jena Rose,2,5,7,9,7,4,6,9,7
11,Flourish,sonic-coll. feat. frances maya,3,5,8,10,-,6,8,10,-
11,Healing Vision(X-Special),DE-SIRE,-,-,-,-,14,-,-,-,14
11,Horatio,OR-IF-IS,2,4,9,15,15,5,8,14,14
11,Inspiration,DKC Crew,3,5,7,8,-,4,6,9,-
11,INTO YOUR HEART (Ruffage remix),NAOKI feat.YASMINE,3,5,8,11,-,5,8,11,-
11,Lift You Up,wolli,3,4,6,10,-,5,6,8,-
11,LOVING YOU (Epidemik remix),TONI LEO,3,6,8,11,-,4,7,11,-
11,Malacca,nc ft NRG factory,3,4,7,10,13,5,7,9,13
11,MAX 300(X-Special),Ω,-,-,-,-,17,-,-,-,18
11,MAXX UNLIMITED(X-Special),Z,-,-,-,-,18,-,-,-,18
11,on the bounce,neuras,3,7,11,14,16,6,9,14,15
11,On The Break,Darwin,4,8,10,13,-,8,11,14,-
11,PARANOiA(X-Special),180,-,-,-,-,13,-,-,-,14
11,PARANOiA ETERNAL(X-Special),STM 200,-,-,-,-,13,-,-,-,13
11,PARANOIA EVOLUTION(X-Special),200,-,-,-,-,14,-,-,-,14
11,PARANOiA MAX～DIRTY MIX～(X-Special),190,-,-,-,-,13,-,-,-,13
11,PARANOiA Rebirth(X-Special),190',-,-,-,-,14,-,-,-,14
11,Party Lights,Tommie Sunshine,2,4,6,11,-,5,6,10,-
11,Playa (Original Mix),Hamel and St. Croix feat. Jules Mari,3,4,7,11,-,4,7,11,-
11,puzzle,日本少年,3,4,6,8,-,4,6,9,-
11,SABER WING,TAG,4,8,10,13,13,8,12,12,12
11,SABER WING (AKIRA ISHIHARA Headshot mix),TAG,6,10,12,15,17,10,12,15,17
11,S･A･G･A,Veeton,4,7,10,13,-,6,10,13,-
11,Slip Out,Harmony Machine,1,3,7,9,-,5,6,9,-
11,Slip Out (bounce in beat mix),Harmony Machine,2,4,6,10,-,6,7,9,-
11,SP-TRIP MACHINE～JUNGLE MIX～(X-Special),DE-SIRE,-,-,-,-,11,-,-,-,12
11,SUPER SAMURAI,jun,4,8,12,15,-,8,11,16,-
11,Taj He Spitz,DKC Crew,2,4,7,10,-,5,7,11,-
11,Taj He Spitz (Tommie Sunshine's Brooklyn Fire Re-Touch),DKC Crew,3,5,8,12,-,6,7,12,-
11,Take A Chance,neuras feat. GATZ,2,3,6,9,-,3,6,9,-
11,The flower in your smile,TACOS NAOMI feat.小久保裕之,3,6,7,10,-,5,7,10,-
11,The legend of MAX(X-Special),ZZ,-,-,-,-,17,-,-,-,17
11,Ticket To Bombay,Jena Rose,3,5,7,10,-,5,7,9,-
11,Till the lonely's gone,Z-licious,3,4,8,9,-,5,8,9,-
11,TimeHollow,Masanori Akita,2,4,7,10,-,5,6,8,-
11,Tracers (4Beat Remix),Ruffage & Size,3,5,7,10,-,6,9,11,-
11,Trigger,sonic-coll.,3,9,12,16,18,7,11,16,18
11,TRIP MACHINE(X-Special),DE-SIRE,-,-,-,-,11,-,-,-,12
11,TRIP MACHINE CLIMAX(X-Special),DE-SIRE,-,-,-,-,14,-,-,-,14
11,Übertreffen,TAKA respect for J.S.B.,3,6,8,13,-,5,8,14,-
11,Waiting 4 u,DDT,4,6,8,11,11,6,8,12,12
11,will,NAOKI,1,4,7,11,-,5,7,11,-
11,30 Lives (Up-Up-Down-Dance Mix),The Motion Sick,2,4,7,8,-,5,7,12,-
12,不沈艦CANDY,Risk Junk,2,6,9,14,-,5,8,14,-
12,冥,Amuro vs Killer,3,7,11,16,18,7,12,15,18
12,A Brighter Day,NAOKI feat. Aleisha G,2,5,7,9,12,5,7,10,12
12,aftershock!!,DM Ashura,3,5,9,13,-,5,9,13,-
12,All My Love,kors k feat.ЯIRE,2,5,8,10,-,5,9,11,-
12,Anti-Matter,Orbit1 & Milo,6,10,14,17,18,10,15,17,18
12,BALLAD THE FEATHERS,S.S.D.FANTASICA feat.Naomi Koizumi,1,4,7,10,8,4,7,11,8
12,CG Project,Latenighters,3,5,9,12,-,5,9,13,-
12,Crazy Control,D-crew with VAL TIATIA,1,4,6,9,12,4,7,10,12
12,Dazzlin' Darlin,HHH,2,6,9,11,-,6,10,12,-
12,Dazzlin' Darlin-秋葉工房mix-,Remixed by DJ Command,3,5,8,11,-,5,7,12,-
12,Decade,kors k Vs. dj TAKA,2,5,8,11,-,5,8,12,-
12,ΔMAX,DM Ashura,3,5,13,17,17,7,13,17,18
12,dirty digital,kors k,1,4,7,11,13,4,7,11,13
12,DROP,dj TAKA feat.Kanako Hoshino,1,4,7,11,-,4,7,13,-
12,Dummy,RAM,2,4,7,10,-,4,7,11,-
12,FIRE FIRE,StripE,3,5,8,14,-,5,8,13,-
12,Freeze,nc ft. NRG Factory,2,5,8,12,13,5,7,12,13
12,going up,colors,3,7,10,12,11,7,11,13,12
12,GOLD RUSH,DJ YOSHITAKA-G feat.Michael a la mode,2,5,8,12,-,6,7,13,-
12,Gotta Dance,NAOKI feat. Aleisha G,2,3,6,10,-,5,7,11,-
12,Heatstroke,TAG feat. Angie Lee,2,6,8,10,8,6,8,10,8
12,I'm so Happy,Ryu☆,3,6,8,12,16,6,8,12,16
12,in love wit you,Kotaro feat. Aya,1,3,6,8,-,4,6,9,-
12,KIMONO♥PRINCESS,jun,5,8,12,15,-,8,13,16,-
12,KISS KISS KISS 秋葉工房 MIX,Remixed by DJ Command,2,5,8,12,-,4,8,12,-
12,La libertad,Cheryl Horrocks,3,5,9,12,14,6,9,12,14
12,La receta,Carlos Coco Garcia,3,4,7,11,13,5,7,11,13
12,Leaving...,"seiya-murai meets ""eimy""",2,5,8,11,13,5,8,11,13
12,Love Again,NM feat. Mr. E.,2,4,6,8,-,3,6,8,-
12,MAX LOVE,DJ YOSHITAKA feat.星野奏子,3,6,8,11,13,7,8,11,13
12,Melody Life,Noria,2,5,7,10,11,5,7,11,12
12,New Decade,Sota F.,4,11,14,17,18,11,14,17,18
12,oarfish,kors k,1,2,8,11,-,2,8,11,-
12,only my railgun,fripSide,1,4,6,9,7,5,8,12,8
12,Pierce The Sky,JAKAZiD feat. K.N.,3,8,11,14,-,8,11,14,-
12,Pluto The First,WHITE WALL,8,10,14,17,18,10,15,18,18
12,Poseidon(kors k mix),NAOKI underground,2,5,9,14,-,4,9,13,-
12,POSSESSION,TAG underground,7,10,14,17,18,10,14,17,19
12,real-high-SPEED,Makoto feat. SK,2,4,6,8,-,4,6,9,-
12,resonance,NAOKI-EX,2,4,8,11,-,4,8,11,-
12,roppongi EVOLVED ver.A,TAG underground,6,8,11,15,-,8,12,16,-
12,roppongi EVOLVED ver.B,TAG underground,6,8,11,15,-,8,12,16,-
12,roppongi EVOLVED ver.C,TAG underground,6,8,11,15,-,8,12,16,-
12,roppongi EVOLVED ver.D,TAG underground,6,8,11,15,-,8,12,16,-
12,Sacred Oath,TЁЯRA,2,4,7,11,12,5,8,11,13
12,sakura storm,Ryu☆,2,4,7,10,13,4,7,11,14
12,Sakura Sunrise,Ryu☆,3,7,10,14,-,8,10,15,-
12,Second Heaven,Ryu☆,2,5,9,11,14,5,9,11,14
12,She is my wife,SUPER STAR 満-MITSURU-,3,5,7,12,-,5,7,12,-
12,Shine,TOMOSUKE feat. Adreana,2,4,6,9,12,4,7,9,12
12,☆shining☆,ピンクターボ,2,5,8,11,-,5,8,11,-
12,Shiny World,CAPACITY GATE,2,8,11,14,-,8,11,14,-
12,Sky Is The Limit,Sota F feat. ANNA,2,5,9,12,-,5,9,11,-
12,smooooch・∀・,kors k,2,4,7,12,10,5,7,12,10
12,someday...,杏野はるな,2,5,7,9,-,6,8,10,-
12,Taking It To The Sky,U1 feat. Tammy S. Hansen,1,3,5,8,-,4,6,8,-
12,Theory of Eternity,TAG,3,6,9,12,10,6,9,12,11
12,THIS NIGHT,jun feat. Sonnet,2,5,8,11,-,6,8,11,-
12,Valkyrie dimension,Spriggan,9,13,15,18,19,13,15,18,19
12,VANESSA,朱雀,4,7,11,16,-,7,11,16,-
12,WH1TE RO5E,Y&Co.,3,5,9,13,-,5,9,13,-
12,What Will Come of Me,Black Rose Garden,2,4,6,13,-,5,7,13,-
12,You are a star,NAOKI feat. Anna Kaelin,2,4,8,12,13,6,8,12,13
12,Your Angel,DM Ashura feat. kors k,2,4,7,10,-,4,7,11,-
12,ZETA～素数の世界と超越者～,Zektbach,3,6,11,15,-,6,9,14,-
12,888,DJ TECHNORCH,3,6,13,14,18,7,12,15,18
13,アルストロメリア (walk with you remix),TAG,3,6,8,11,13,6,8,12,13
13,紅焔,PON,3,6,9,12,15,6,9,12,15
13,雫,あさき,2,5,9,12,-,5,9,12,-
13,隅田川夏恋歌,seiya-murai feat.ALT,2,5,10,12,16,6,9,12,16
13,天上の星～黎明記～,TЁЯRA,2,5,8,12,-,5,8,12,-
13,ビューティフルレシート,Lucky Vacuum,4,8,10,13,-,7,10,13,-
13,繚乱ヒットチャート,ギラギラメガネ団,2,5,8,13,-,5,8,13,-
13,恋閃繚乱,2B-Waves,3,6,8,11,15,6,8,11,15
13,Amalgamation,Mystic Moon,3,7,10,13,15,7,10,14,15
13,BRILLIANT 2U (AKBK MIX),NAOKI,3,7,11,15,-,7,11,15,-
13,Chronos,TAG,1,4,8,12,15,4,8,12,15
13,COME BACK TO MY HEART,Another Infinity feat. Mayumi Morinaga,2,5,8,12,6,5,8,12,6
13,Cosmic Hurricane,TAG,3,6,9,13,15,6,9,13,15
13,CRAZY♥LOVE,jun,3,6,12,15,-,7,12,15,-
13,Diamond Dust,TAG,1,5,7,10,13,5,8,11,13
13,dreaming can make a wish come true,jun & NRG Factory feat. Anna Kaelin,2,4,7,11,-,4,8,11,-
13,ever snow,TЁЯRA,2,4,8,12,-,4,8,11,-
13,Fever,Sota F. feat. Carol Gadsden,1,4,7,9,-,4,6,9,-
13,Find You Again,The W feat. Rita Boudreau,3,5,9,12,-,5,8,13,-
13,FLOWER,DJ YOSHITAKA,3,7,10,13,15,6,9,13,15
13,Get Back Up!,NMR runners,2,7,9,12,-,7,10,12,-
13,Go For The Top,U1 overground,6,8,12,15,18,8,11,15,18
13,Haunted Rhapsody,Architect ft. Jasmine Nii,2,5,7,13,-,4,7,13,-
13,HEART BEAT FORMULA,TAG,4,7,10,13,-,7,10,13,-
13,HEARTBREAK (Sound Selektaz remix),NAOKI ft. Becca Hossany,1,4,6,10,-,4,6,11,-
13,I/O,Ryu☆,2,4,7,11,-,4,7,12,-
13,In The Air,Bill Hamel & James Rowand,4,6,9,11,-,6,10,11,-
13,IN THE ZONE,U1 (NPD3 style) & KIDD KAZMEO,1,4,7,9,-,5,8,10,-
13,KEEP ON MOVIN' (Y&Co. DJ BOSS remix),N.M.R.,2,6,9,14,-,6,9,14,-
13,Let's Get Away,NAOKI feat. Brenda Burch,2,4,7,9,-,6,10,13,-
13,London EVOLVED ver.A,TAG underground,5,8,11,14,17,8,11,14,17
13,London EVOLVED ver.B,TAG underground,5,8,11,14,17,8,11,14,17
13,London EVOLVED ver.C,TAG underground,5,8,11,14,17,8,11,14,17
13,LOVE IS THE POWER -Re:born-,NM,1,5,7,10,-,5,7,10,-
13,MAGIC PARADE,Lea Drop feat. Katie Dellenbach,1,4,7,10,-,4,7,10,-
13,Mermaid girl,Cream puff,1,4,7,11,12,5,7,11,12
13,message,dj TAKA feat.flare,1,5,7,11,-,3,7,11,-
13,NEPHILIM DELTA,L.E.D.-G,4,8,12,14,-,8,12,14,-
13,New Beginning,Sota Fujimori,3,5,9,11,12,6,8,11,12
13,New York EVOLVED (Type A),NC underground,4,9,13,16,-,8,13,16,-
13,New York EVOLVED (Type B),NC underground,4,9,13,16,-,8,13,16,-
13,New York EVOLVED (Type C),NC underground,4,9,13,16,-,8,13,16,-
13,osaka EVOLVED -毎度、おおきに！-(TYPE1),NAOKI underground,9,11,13,15,-,10,12,15,-
13,osaka EVOLVED -毎度、おおきに！-(TYPE2),NAOKI underground,9,11,13,15,-,10,12,15,-
13,osaka EVOLVED -毎度、おおきに！-(TYPE3),NAOKI underground,9,11,13,15,-,10,12,15,-
13,PARANOiA (kskst mix),180,4,9,13,17,-,9,13,17,-
13,PARANOiA Revolution,CLIMAX of MAXX 360,6,9,14,18,19,10,14,18,19
13,Private Eye,atomsoak ft. cerol,2,4,8,12,-,6,8,12,-
13,Programmed Universe,kors k,2,5,9,12,-,5,9,13,-
13,PUT YOUR FAITH IN ME (DA's Twinkly Disco Remix),UZI-LAY,1,5,8,13,-,5,9,13,-
13,REBORN MAGIC,"seiya-murai meets ""eimy""",2,4,7,10,-,5,7,11,-
13,Rescue Me,NAOKI feat. Fracus,2,4,8,12,-,5,9,13,-
13,Resurrection,Dormir,2,5,7,10,-,5,8,10,-
13,REVOLUTIONARY ADDICT,TAG underground,3,7,10,13,16,6,9,13,16
13,Rhythms Inside,DKC Crew,1,3,7,9,-,4,7,9,-
13,Seasons,TOMOSUKE feat. Crystal Paloa,2,5,8,12,-,5,8,12,-
13,Seule,Preston Powis,2,6,10,12,-,6,10,12,-
13,Share The Love,Brenda Burch,2,4,8,12,-,4,7,12,-
13,SigSig,kors k,3,6,9,12,10,6,9,12,10
13,SILVER☆DREAM,jun,4,8,11,15,-,9,12,15,-
13,snow prism,Qrispy Joybox,3,6,9,12,16,6,9,12,16
13,Something Special,nc ft. Jasmine Nii,2,4,7,11,-,5,7,11,-
13,Take A Step Forward,TAG feat. Sydney Powers,2,7,9,11,-,6,10,12,-
13,The Heavens Above,U1 /F Anneliese,3,7,9,11,-,6,10,12,-
13,TIME,NM feat. Aleisha G,1,5,7,9,-,5,7,10,-
13,Tohoku EVOLVED,2.1MB underground,6,9,14,17,18,9,14,17,18
13,tokyoEVOLVED (TYPE1),NAOKI underground,6,9,13,16,-,9,13,16,-
13,tokyoEVOLVED (TYPE2),NAOKI underground,6,9,13,16,-,9,13,16,-
13,tokyoEVOLVED (TYPE3),NAOKI underground,6,9,13,16,-,9,13,16,-
13,Tribe,猫叉Master,2,5,7,10,13,4,7,10,14
13,TRIP MACHINE (xac nanoglide mix),DE-SIRE,4,8,12,16,-,8,12,16,-
13,TRIP MACHINE EVOLUTION,DE-JAVU,4,9,12,16,18,9,12,16,18
13,TWINKLE♡HEART,jun,1,4,7,11,10,4,7,11,11
13,UNBELIEVABLE (Sparky remix),jun feat. Sarah-Jane,4,7,11,15,-,8,12,16,-
13,Until the End,Philip Webb,3,4,9,12,-,8,10,13,-
13,Wicked Plastik,nc ft. 触電,3,4,8,13,-,5,11,13,-
13,Wings of an Angel (Fly With Me),J-Mi and Midi-D,2,4,8,12,-,5,8,11,-
14,お米の美味しい炊き方、そしてお米を食べることによるその効果。,大日本鉄倶楽部【あさき＆96】,4,8,12,16,-,8,12,16,-
14,からふるぱすてる,ki☆ki,2,6,9,12,-,6,9,12,-
14,キケンな果実,達見 恵 featured by 佐野宏晃,2,6,9,13,-,6,9,13,-
14,ずっとみつめていて(Ryu☆Remix),DJ UTO vs. Starving Trancer feat. Mayumi Morinaga,1,7,9,12,15,7,10,12,15
14,晴天Bon Voyage,TOMOSUKE × seiya-murai feat. ALT,4,7,9,12,-,7,9,11,-
14,創世ノート,PON+wac,2,8,10,13,-,8,10,14,-
14,ちくわパフェだよ☆CKP,日向美ビタースイーツ♪,4,7,9,12,14,7,9,12,14
14,†渚の小悪魔ラヴリィ～レイディオ†,夏色ビキニのPrim,2,6,10,15,9,6,10,15,9
14,虹色の花,Akhuta y OJ,3,5,8,11,-,5,8,11,-
14,フー・フローツ,Nanako,3,6,9,12,-,6,9,12,-
14,めうめうぺったんたん！！,日向美ビタースイーツ♪,3,6,9,12,16,6,9,12,15
14,ラキラキ,Mutsuhiko Izumi & S-C-U,2,7,10,13,-,7,10,13,-
14,凛として咲く花の如く～ひなビタ♪edition～,日向美ビタースイーツ♪,3,5,8,11,-,6,8,11,-
14,ACROSS WORLD,Royz,2,4,8,12,14,4,8,12,14
14,Ah La La La,Tommie Sunshine,1,5,7,12,-,5,7,11,-
14,Air Heroes,Darwin,3,9,11,15,17,9,11,15,17
14,Another Phase,TAG,4,7,11,15,16,7,11,15,15
14,Back In Your Arms,jun feat.DJ Silver vs Milo ft. Becca Hossany,2,5,8,10,-,5,8,10,-
14,Beautiful Dream,REDALiCE feat. anporin,3,7,9,12,15,7,9,12,15
14,Blew My Mind,Sota F,4,9,12,16,18,9,12,16,18
14,Bombay Bomb,Jena Rose,2,6,10,12,-,6,10,12,-
14,Children of the Beat,Harmony Machine,3,7,9,11,12,7,9,10,13
14,Chinese Snowy Dance,Mutsuhiko Izumi,4,7,12,16,-,7,12,16,-
14,Condor,Remo-con,2,6,9,13,15,6,9,13,15
14,Confession,trance star,2,4,7,12,14,4,7,12,14
14,Desert Journey,dj TAKA,3,5,8,12,15,5,8,12,15
14,Diamond Night,TOMOSUKE feat. Alexa Slaymaker,2,5,8,12,14,5,8,12,14
14,Elemental Creation,dj TAKA meets DJ YOSHITAKA,8,11,14,17,18,11,14,17,18
14,Empathetic,Sota÷Des,4,7,11,14,-,7,11,14,-
14,escape,U1 & Krystal B,3,5,8,10,13,5,8,10,14
14,Everything I Need,Brooke,1,4,6,9,-,4,6,9,-
14,Find The Way,nc ft. SAK.,3,7,10,12,-,6,10,12,-
14,GAIA,猫叉L.E.D.Master+,3,10,13,16,-,10,13,16,-
14,heron,S-C-U,3,6,9,12,13,6,9,12,13
14,Hoping To Be Good,Bill Hamel & Derek James feat. James Rowand,2,5,7,11,-,5,7,11,-
14,JOKER,Royz,2,4,8,11,14,6,8,11,14
14,Magnetic,Sota Fujimori,3,7,11,15,17,7,11,15,17
14,Monkey Business,kors k,3,6,9,13,16,7,10,13,16
14,New Generation,鍋島圭一,4,7,10,14,17,7,10,14,17
14,New Gravity,Starving Trancer,3,6,9,12,14,6,9,12,14
14,nightbird lost wing,猫叉Master+,3,7,10,14,-,7,10,14,-
14,PRANA,TAG,4,8,11,14,16,8,11,14,16
14,printemps,Qrispy Joybox,3,6,10,13,-,6,10,14,-
14,Qipchãq,world sequence,3,5,8,11,-,5,8,11,-
14,RËVOLUTIФN,TËЯRA,3,7,11,14,17,7,11,14,17
14,Right on time (Ryu☆Remix),Ryu☆,2,6,9,14,13,6,9,14,13
14,sola,小野秀幸,2,5,9,12,-,5,9,12,-
14,Somehow You Found Me,DIGI-SEQ-BAND2000,3,6,10,13,16,6,10,13,16
14,south,Wall5,2,5,8,10,10,5,8,10,11
14,Spanish Snowy Dance,Mutsuhiko Izumi,3,7,11,15,17,7,11,15,17
14,Starry HEAVEN,Royz,2,5,8,11,13,5,8,11,12
14,Straight Oath,矢鴇つかさ feat.三澤秋,3,8,11,13,15,8,11,13,15
14,STULTI,MAX MAXIMIZER VS DJ TOTTO,4,9,12,15,-,9,12,15,-
14,Sucka Luva,Harmony Machine,1,4,7,11,-,5,8,11,-
14,Summer Fairytale,Design-MAD crew,2,5,7,9,14,5,7,9,14
14,Sweet Rain,Y&Co. feat. karin,3,6,9,12,-,6,9,12,-
14,Synergy For Angels,TAG×U1-ASAMi,3,7,10,14,-,7,10,14,-
14,Tell Me What To Do,atomsoak ft. cerol,2,5,9,12,14,5,9,11,14
14,The Island Song,TAG feat. Eric Anthony,1,3,7,9,13,4,7,9,13
14,THE REASON,Black Rose Garden,1,4,7,12,15,4,7,12,15
14,The Wind of Gold,kors k,3,6,10,14,-,6,10,14,-
14,Top The Charts,J-Mi & Midi-D feat. Hanna Stockzell,3,5,8,12,14,5,8,12,14
14,Triple Journey -TAG EDITION-,Triumvirate,4,8,12,16,18,8,12,16,18
14,WILD SIDE,Tatsh,3,6,9,11,13,6,9,11,13
14,Windy Fairy,DJ TOTTO,2,7,11,15,-,7,11,15,-
14,Wow Wow VENUS,VENUS,2,4,8,11,-,5,8,12,-
14,You,NM feat.Anjanette Mickelsen,1,3,6,10,-,3,6,10,-
15,朝色の紙飛行機,かめりあ,2,5,9,13,-,5,10,13,-
15,妖隠し -あやかしかくし-,DJ TOTTO feat.3L,4,7,11,14,-,7,12,15,-
15,阿波おどり -Awaodori- やっぱり踊りはやめられない,U1 ミライダガッキ連と矢印連,5,9,12,14,-,9,13,15,-
15,エンドルフィン,U1 overground,4,8,12,15,-,8,12,15,-
15,御千手メディテーション,昇天家族,4,8,12,15,-,8,12,15,-
15,乙女繚乱 舞い咲き誇れ,日向美ビタースイーツ♪,4,7,10,13,-,7,10,13,-
15,女言葉の消失,Sota Fujimori,3,6,9,13,-,6,9,12,-
15,クリムゾンゲイト,工藤吉三(ベイシスケイプ),3,7,10,13,-,6,9,12,-
15,激アツ☆マジヤバ☆チアガール,日向美ビタースイーツ♪,3,6,9,13,-,5,10,12,-
15,幻想系世界修復少女,Last Note.,3,6,9,12,-,7,9,13,-
15,恋はどう？モロ◎波動OK☆方程式！！,あべにゅうぷろじぇくと feat.佐倉紗織 produced by ave;new,4,7,10,14,-,6,10,14,-
15,漆黒のスペシャルプリンセスサンデー,日向美ビタースイーツ♪,4,8,11,13,-,7,11,13,-
15,灼熱Beach Side Bunny,DJ Mass MAD Izm*,3,7,11,15,-,7,12,15,-
15,セツナトリップ,Last Note. feat. GUMI,1,4,10,14,-,4,10,14,-
15,地方創生☆チクワクティクス,日向美ビタースイーツ♪,2,6,10,13,-,7,10,13,-
15,ちゅ～いん☆バニー,阿部靖広 feat. Strawberry Wink,3,6,8,10,13,5,8,11,13
15,チョコレートスマイル,日向美ビタースイーツ♪ & ここなつ,3,6,9,12,-,6,9,12,-
15,デッドボヲルdeホームラン,猫叉Master β2,3,6,9,13,-,5,8,13,-
15,天空の華,S-C-U × U1 overground,4,7,12,15,-,7,12,15,-
15,ドーパミン,U1 overground,7,10,13,17,-,10,13,17,-
15,ドキドキ☆流星トラップガール!!,流星トラップボーイズ,3,6,9,14,-,6,10,14,-
15,突撃!ガラスのニーソ姫!,山本椛 (monotone),4,7,11,14,-,8,11,14,-
15,轟け！恋のビーンボール！！,ダイナミック野球兄弟 v.s. クロスファイヤーPrim,3,7,11,16,-,6,11,16,-
15,嘆きの樹,金獅子,4,8,12,16,18,8,12,16,18
15,夏色DIARY -DDR mix-,猫叉王子 feat. TAG,3,7,10,14,-,6,11,15,-
15,爆なな☆てすとロイヤー,ARM feat. ななひら,4,7,11,13,-,7,10,12,-
15,はなまるぴっぴはよいこだけ,A応P,4,7,10,12,-,6,10,12,-
15,パ→ピ→プ→Yeah!,ヒゲドライバー join Shully & Nimo,3,5,10,13,-,7,10,13,-
15,バンブーソード・ガール,cosMo＠暴走P,2,7,11,15,-,7,12,15,-
15,ビビットストリーム,DJ TOTTO,4,6,10,13,-,6,10,13,-
15,星屑のキロク,小野秀幸,3,6,9,11,-,6,10,12,-
15,ホメ猫☆センセーション,P*Light feat. mow*2,4,6,10,13,-,6,10,13,-
15,マインド・ゲーム,96 with メカショッチョー,3,7,10,14,-,7,10,15,-
15,回レ！雪月花,歌組雪月花,2,5,8,11,13,3,7,12,13
15,ミライプリズム,ここなつ,2,4,7,10,-,4,7,11,-
15,滅亡天使 † にこきゅっぴん,日向美ビタースイーツ♪,4,6,9,12,-,6,9,12,-
15,野球の遊び方　そしてその歴史　～決定版～,あさき大監督,3,6,9,14,-,6,10,14,-
15,ヤマトなでなで♡かぐや姫,ロマンチック♡Prim姫,2,6,8,11,14,5,8,11,14
15,ラクガキスト,cosMo@暴走P feat.GUMI,4,7,10,13,16,7,10,13,16
15,海神,兎々,3,8,12,16,-,7,12,16,-
15,Adularia,DJ TOTTO,3,6,10,14,-,6,9,13,-
15,ÆTHER,TAG underground,6,9,14,17,-,9,14,17,-
15,AWAKE,柊木りお featured by TAG,3,5,10,13,16,6,10,13,16
15,chaos eater,猫叉Master+,6,8,12,16,-,8,12,16,-
15,Cleopatrysm,ピラミッ℃,4,7,11,15,-,7,11,15,-
15,Daily Lunch Special,Lucky Vacuum,3,7,10,14,-,7,10,14,-
15,Dance Partay,DKC Crew,2,5,7,11,13,5,8,11,12
15,Destination,Sota F.,4,9,12,15,-,9,12,15,-
15,Din Don Dan,Ryu☆ feat.Mayumi Morinaga,2,5,7,10,12,5,7,10,12
15,Dispersion Star,ZUKI,3,5,9,13,-,5,9,14,-
15,Do The Evolution,TAG feat. ERi,1,4,7,10,-,5,9,13,-
15,Dreamin',TOMOSUKE feat. Adreana,2,4,6,9,12,5,6,9,12
15,EGOISM 440,U1 High-Speed,9,10,13,18,19,10,14,17,19
15,Electronic or Treat!,PON,3,7,11,14,-,7,11,14,-
15,Elysium,nc ft. NRG Factory,1,5,8,11,13,5,8,11,13
15,Engraved Mark,Ryu☆ ∞ Des-ROW,3,8,12,16,-,8,13,16,-
15,esrev:eR,"TAG meets ""eimy""",2,5,9,13,-,5,9,12,-
15,Follow Tomorrow,HHH×MM×ST,2,5,8,11,-,5,8,12,-
15,FUJIMORI -祭-FESTIVAL,VENUS,3,5,9,12,-,5,8,12,-
15,FUNKY SUMMER BEACH,P*Light,3,6,10,14,-,6,10,14,-
15,Go↓Go↑Girls&Boys!,松下feat.Sota & wac,3,5,8,11,-,5,8,11,-
15,Habibe (Antuh muhleke),Wendy Parr,3,5,10,13,-,6,11,13,-
15,HAPPY☆LUCKY☆YEAPPY,DJ ミラクル☆ストーン,6,10,13,16,-,9,13,16,-
15,HEART BEAT FORMULA (Vinyl Mix),TAG (Realtime Remix by U1),4,8,11,13,-,8,11,14,-
15,HYENA,Hommarju,3,6,10,14,-,6,10,14,-
15,Idola,iconoclasm feat.GUMI,3,8,12,16,17,8,12,16,17
15,IMANOGUILTS,Mystic Moon,4,8,11,14,15,8,11,14,15
15,In The Breeze,96 & Sota ft. Mayumi Morinaga,3,5,9,11,-,5,9,12,-
15,JOMANDA,DJ YOSHITAKA,4,8,12,15,17,8,12,15,17
15,KHAMEN BREAK,くふおー,3,7,11,16,-,7,11,15,-
15,LoveLove DokiDoki,水戸ご当地アイドル(仮),2,6,10,12,-,6,10,12,-
15,MAX. (period),2MB,5,12,13,16,18,11,13,16,18
15,M.A.Y.U.,Ryu☆ feat.MAYU,2,6,8,13,-,6,8,13,-
15,MITOれて！いばらきっしゅだ～りん,水戸ご当地アイドル(仮),2,6,9,13,-,6,10,13,-
15,neko*neko,日向美ビタースイーツ♪,2,5,9,11,14,3,9,12,13
15,Nostalgia Is Lost,U1 overground,3,7,11,15,-,7,11,15,-
15,One Sided Love,D-crew with Melissa Petty,2,5,8,10,12,5,9,11,12
15,"Over The ""Period""",TAG underground overlay,8,12,15,18,19,12,15,18,19
15,Party Lights (Tommie Sunshine’s Brooklyn Fire Remix),Tommie Sunshine,2,5,8,11,-,5,8,11,-
15,Plan 8,Ryu☆,4,8,11,14,-,8,11,14,-
15,POSSESSION (EDP Live Mix),TAG underground,3,9,12,16,-,9,12,16,-
15,PRANA+REVOLUTIONARY ADDICT (U1 DJ Mix),underground & overground,4,9,13,17,-,9,12,16,-
15,PUNISHER,TAG×PON,3,6,11,14,-,6,11,14,-
15,Remain,ZERO+ZIBA,5,9,12,15,-,9,12,15,-
15,Romancing Layer,TAG,2,6,11,15,-,6,11,15,-
15,SABER WING (satellite silhouette remix),TAG,2,4,9,12,15,6,8,12,14
15,Sakura Mirage,Ryu☆,4,7,11,14,-,7,11,14,-
15,Samurai Shogun vs. Master Ninja,96,3,7,12,14,-,7,12,15,-
15,Sand Blow,肥塚良彦,3,7,12,15,-,7,12,16,-
15,Scarlet Moon,REDALiCE feat. Ayumi Nomiya,2,5,9,12,-,5,9,12,-
15,second spring storm,Spacelectro,2,6,9,14,-,6,10,14,-
15,SPECIAL SUMMER CAMPAIGN!,Lucky Vacuum,2,7,11,15,-,7,12,15,-
15,Squeeze,VENUS feat.Mutsuhiko Izumi,4,6,9,15,-,6,10,15,-
15,Starlight Fantasia,TAG,3,7,11,14,-,7,11,14,-
15,Starlight Fantasia (Endorphins Mix),U1 overground feat. TAG,3,8,12,15,-,8,12,15,-
15,starmine,Ryu☆,3,7,11,15,-,7,11,14,-
15,Stella Sinistra,Akhuta Philharmonic Orchestra,4,8,12,15,-,7,12,14,-
15,Strobe♡Girl,colate,3,7,10,14,-,8,11,15,-
15,Struggle,Masayoshi Minoshima(ALR),4,6,10,13,-,5,10,12,-
15,Summer fantasy (Darwin remix),Lazy U1 ft. Fraz & Chalk E,2,7,10,13,11,7,10,13,13
15,SUPER HERO,DJ YOSHITAKA feat.Michaela Thurlow,4,6,9,12,-,7,10,13,-
15,The Lonely Streets,DJ Yoshitaka feat.Robert'RAab'Stevenson,2,4,7,10,12,5,7,10,12
15,Truare!,Akhuta,3,8,11,16,-,8,11,16,-
15,True Blue,dj TAKA feat.AiMEE,3,7,11,16,-,6,11,16,-
15,TSUBASA,柊木りお featured by TAG,2,6,10,13,-,6,9,13,-
15,VEGA,REDALiCE,3,7,11,14,-,7,11,14,-
15,8000000,kors k,4,7,11,14,-,7,11,14,-
15,IX,dj TAKA VS DJ TOTTO feat.藍,5,11,14,17,18,10,14,17,18
16,天ノ弱,164 feat. GUMI,3,6,10,13,-,7,10,13,-
16,イーディーエム・ジャンパーズ,かめりあ feat. ななひら,3,5,8,12,-,4,8,11,-
16,色は匂へど散りぬるを,幽閉サテライト feat. Senya,3,8,10,12,-,8,10,12,-
16,エキサイティング！！も・ちゃ・ちゃ☆,日向美ビタースイーツ♪,4,8,11,13,-,8,11,13,-
16,朧,HHH×MM×ST,3,6,8,11,13,8,10,13,14
16,きゅん×きゅんばっきゅん☆LOVE,松下feat.Sota & wac,3,5,8,11,-,5,9,11,-
16,倉野川音頭,日向美ビタースイーツ♪＆ひなちくん,2,5,7,11,-,5,8,11,-
16,黒髪乱れし修羅となりて～凛 edition～,日向美ビタースイーツ♪,3,6,11,14,-,6,11,14,-
16,君氏危うくも近うよれ,A応P,3,6,10,12,-,6,10,13,-
16,恋する☆宇宙戦争っ！！,Prim,4,7,12,14,17,8,13,15,17
16,この青空の下で,"TAG meets ""eimy""",3,6,9,12,-,6,9,11,-
16,さよならトリップ～夏陽 EDM edition～,東雲夏陽,3,4,9,12,-,4,9,11,-
16,幸せになれる隠しコマンドがあるらしい,うたたP feat. 結月ゆかり,2,7,10,13,-,7,11,13,-
16,十二星座の聖域,Zodiac Fall,3,8,10,13,-,8,10,12,-
16,宇宙(ソラ)への片道切符,Musical Cosmology,3,8,11,13,-,8,10,12,-
16,打打打打打打打打打打,ヒゲドライバー join. SELEN,2,6,11,13,16,6,11,13,15
16,チルノのパーフェクトさんすう教室,ARM+夕野ヨシミ feat.miko,3,6,10,13,-,-,-,-,-
16,チルノのパーフェクトさんすう教室(EDM REMIX),uno (IOSYS),1,5,11,13,-,6,11,13,-
16,ナイト・オブ・ナイツ,ビートまりお(COOL&CREATE),1,7,11,15,-,7,11,15,-
16,脳漿炸裂ガール,れるりり,3,7,10,12,14,7,10,12,14
16,初音ミクの消失,cosMo＠暴走P feat.初音ミク,3,7,10,13,16,8,11,14,16
16,ハッピーシンセサイザ,EasyPop,2,6,10,13,-,6,10,13,-
16,ハピ恋☆らぶりぃタイム!!,DJ TOTTO feat.anporin,2,6,8,11,-,5,8,11,-
16,向日葵サンセット,ARM・まろん (IOSYS) × ランコ・パプリカ (豚乙女),3,7,10,13,-,7,11,13,-
16,ベィスドロップ・フリークス,かめりあ feat.ななひら,3,7,10,13,-,7,10,13,-
16,放課後ストライド,Last Note.,3,5,10,14,-,6,11,15,-
16,魔法のたまご～心菜 ELECTRO POP edition～,東雲心菜,3,4,8,11,-,4,8,11,-
16,魔理沙は大変なものを盗んでいきました,ARM(IOSYS),3,6,9,12,-,6,9,12,-
16,恋愛観測,NU-KO,3,7,10,12,-,7,10,12,-
16,六兆年と一夜物語,kemu feat. IA,4,6,9,12,-,6,9,12,-
16,ロストワンの号哭,Neru,3,7,10,12,-,7,10,13,-
16,ロンロンへ ライライライ!,ここなつ,3,7,10,13,-,7,11,13,-
16,ACES FOR ACES,TAG×U1,4,7,13,15,-,7,13,15,-
16,ALL MY HEART -この恋に、わたしの全てを賭ける-,SUPER HEROINE 彩香 -AYAKA-,3,5,9,13,-,5,9,13,-
16,Angelic Jelly,t+pazolite,4,6,11,13,-,6,10,13,-
16,Astrogazer,DJ TOTTO,3,7,12,16,18,7,12,16,18
16,Bad Apple!! feat. nomico,Masayoshi Minoshima,3,5,8,12,-,3,9,11,-
16,bass 2 bass,Ryu☆,2,5,9,11,-,5,10,13,-
16,Believe,Chaos Featuring CeCe Peniston,2,4,9,11,-,5,9,11,-
16,Break Free,Ariana Grande feat. Zedd,3,6,9,11,-,6,9,11,-
16,Come to Life,ARM (IOSYS) feat. Nicole Curry,4,8,12,16,18,8,13,16,18
16,Cosy Catastrophe,SYUNN,6,9,13,16,18,9,13,16,18
16,Cytokinesis,Hommarju,4,8,12,14,-,8,12,14,-
16,DANCE ALL NIGHT (DDR EDITION),Sota Fujimori,1,5,8,10,-,5,8,10,-
16,Dancer in the flare,猫叉Master,3,7,11,13,-,7,11,13,-
16,Determination,柊木りお,2,5,8,14,-,6,9,14,-
16,DREAMING-ING!!,ときめきアイドル project,3,8,10,12,-,8,10,12,-
16,Electric Dance System Music,U1 overground,2,5,9,13,-,6,9,13,-
16,Emera,PON,3,6,11,16,17,7,11,16,17
16,ENDYMION,fallen shepherd ft. RabbiTon Strings,9,13,15,18,19,13,15,18,19
16,Far east nightbird,猫叉Master,4,6,10,12,-,6,10,13,-
16,Far east nightbird kors k Remix -DDR edit ver-,猫叉Master,3,7,11,13,-,7,11,13,-
16,Fly far bounce,猫叉Master,3,6,10,13,-,6,10,13,-
16,Grand Chariot,xi,3,7,11,13,-,7,11,13,-
16,Grip & Break down !!,SOUND HOLIC feat. Nana Takahashi,3,6,9,12,-,5,10,13,-
16,Ha・lle・lu・jah,SOUND HOLIC feat. Nana Takahashi,1,5,9,12,-,4,9,12,-
16,HANDS UP IN THE AIR,U1,1,5,9,13,-,5,9,13,-
16,Happy,Pharrell Williams,3,5,10,12,-,6,9,13,-
16,"Help me, ERINNNNNN!!",ビートまりお(COOL&CREATE),4,5,9,12,-,5,9,12,-
16,Hillbilly Shoes,Montgomery Gentry,3,5,10,13,-,5,10,13,-
16,Hopeful,柊木りお featured by SOTAG,2,5,10,13,-,5,10,13,-
16,I Want You To Know,Zedd feat. Selena Gomez,1,3,8,11,-,3,8,11,-
16,Illegal Function Call,U1-ASAMi,4,10,13,16,-,10,14,16,-
16,Ishtar,劇団レコード,3,5,11,14,16,5,11,14,16
16,Lesson by DJ,U.T.D & Friends,1,-,-,-,-,-,-,-,-
16,MAKE A JAM!,U1,2,5,7,9,-,6,8,11,-
16,Neutrino,HuΣeR,6,9,12,16,18,9,12,16,18
16,New Century,Sota F.,4,9,14,17,18,8,14,17,18
16,out of focus,Qrispy Joybox,3,6,12,15,16,6,12,15,16
16,Poochie,kors k,5,8,12,16,-,8,12,15,-
16,RISING FIRE HAWK,L.E.D.-G,3,7,11,14,17,7,11,14,17
16,Sephirot,SHIKI,3,6,10,12,-,5,9,12,-
16,SHION,DJ YOSHITAKA,4,7,9,13,-,6,10,13,-
16,Shut Up and Dance,Walk The Moon,2,5,8,11,-,5,9,11,-
16,siberite,Captain KING,2,5,10,13,-,6,11,14,-
16,S!ck,Eagle,5,8,13,16,-,8,13,16,-
16,Special One,kors k feat. Suzuyo Miyamoto,2,5,8,11,-,5,8,11,-
16,Star Trail,Nhato,2,5,9,13,-,6,9,13,-
16,Start a New Day,Sota F.,3,6,11,15,16,7,11,15,16
16,STERLING SILVER,TAG,4,6,10,13,-,6,10,13,-
16,STERLING SILVER (U1 overground mix),TAG,4,7,11,14,-,7,11,14,-
16,StrayedCatz,削除,4,8,11,14,-,7,12,14,-
16,TECH-NOID,Sota F.,2,5,9,12,-,6,9,13,-
16,The Night Away (MK Remix),Starving Trancer feat. Mayumi Morinaga,3,7,9,12,-,7,10,12,-
16,Time Of Our Lives,Pitbull,2,5,9,11,-,5,9,11,-
16,Towards the TOWER,SHAMDEL,2,6,9,12,-,6,9,12,-
16,Triple Counter,DJ YOSHITAKA meets dj TAKA,7,11,14,17,-,9,14,17,-
16,Wake Me Up,Avicii,3,5,9,13,-,5,9,13,-
16,Yeah! Yeah!,CLUB SPICE,2,7,9,12,-,7,9,12,-
16,ZEPHYRANTHES,TAG,3,7,12,15,-,8,12,15,-